Names,Smiles,pChEMBL Value,value,Mol,MolWt,LogP,HbondDonors,HbondAcceptors
"Benzene, 1-ethyl-2-methyl-",CCC1=CC=CC=C1C,6.956566391469192,1,<rdkit.Chem.rdchem.Mol object at 0x00000237B2349230>,120.19499999999996,2.5574200000000005,0,0
"Benzene, 1,2,4-trimethyl-",CC1=CC(=C(C=C1)C)C,6.760738846760674,1,<rdkit.Chem.rdchem.Mol object at 0x00000237B23485F0>,120.19499999999998,2.611860000000001,0,0
2-Tolyloxirane,CC1=CC=CC=C1C2CO2,7.568739381201305,1,<rdkit.Chem.rdchem.Mol object at 0x00000237B2348CF0>,134.178,2.06632,0,1
"Benzene, 4-ethyl-1,2-dimethyl-",CCC1=CC(=C(C=C1)C)C,6.870467381354422,1,<rdkit.Chem.rdchem.Mol object at 0x00000237B2348A50>,134.22199999999998,2.8658400000000013,0,0
Linalool,CC(=CCCC(C)(C=C)O)C,6.608486296955437,1,<rdkit.Chem.rdchem.Mol object at 0x00000237B2348040>,154.25300000000001,2.6698000000000013,1,1
"Benzene, 1,2,4,5-tetramethyl-",CC1=CC(=C(C=C1C)C)C,6.73800020569074,1,<rdkit.Chem.rdchem.Mol object at 0x00000237B23483C0>,134.22199999999998,2.920280000000001,0,0
"4-Nonanone, 8-methyl-",CCCC(=O)CCCC(C)C,7.515310645587027,1,<rdkit.Chem.rdchem.Mol object at 0x00000237B2348580>,156.26899999999998,3.1819000000000015,0,1
